{"cameraMode":{"drawMode":0,"name":"Shaded","section":"Shading Mode"},"sceneLighting":true,"audioPlay":false,"sceneViewState":{"showFog":false,"showMaterialUpdate":false,"showSkybox":false,"showFlares":false,"showImageEffects":false,"showParticleSystems":false},"in2DMode":false,"pivot":{"x":-2.209105968475342,"y":2.675997257232666,"z":0.5693049430847168},"rotation":{"x":-0.10449254512786865,"y":0.8602352738380432,"z":-0.19580934941768647,"w":-0.45905953645706179},"size":6.607396125793457,"orthographic":false}